motif_id	motif_alt_id	sequence_name	start	stop	strand	score	p-value	q-value	matched_sequence
82_motif_3		NC_001416.1	33956	33971	+	24.0693	4.74e-10	4.6e-05	AGATTTCCAATAATCA
1_motif_1		NC_001416.1	35592	35604	+	22.1735	1.04e-08	0.000965	ATCACCGCCAGTG
1_motif_1		NC_001416.1	37952	37964	+	21.1837	6.29e-08	0.00194	ATCACCGCAAGGG
1_motif_1		NC_001416.1	38001	38013	-	21.1837	6.29e-08	0.00194	ATCACCGCCAGAG
26_motif_1		NC_001416.1	35798	35812	-	20.0202	1.47e-07	0.0142	GCCGGGTTTTCTTTG
26_motif_1		NC_001416.1	40612	40626	+	18.7475	3.63e-07	0.0176	GCAGGCCTTTTTATT
1_motif_1		NC_001416.1	29336	29348	+	19.2959	3.76e-07	0.0087	ATCCCCGCGAGTG
1_motif_1		NC_001416.1	35616	35628	+	18.398	6.71e-07	0.0124	AACACCGCCAGAG
1_motif_1		NC_001416.1	48477	48489	-	17.7551	9.14e-07	0.0128	ATCACCGGAAAGG
1_motif_1		NC_001416.1	35636	35648	+	17.7347	9.64e-07	0.0128	ATCACCGCAGATG
26_motif_1		NC_001416.1	29299	29313	-	17.2424	9.74e-07	0.0314	GGCGGGTTTTGTTTT
