motif_id	motif_alt_id	sequence_name	start	stop	strand	score	p-value	q-value	matched_sequence
2_motif_1		NC_002730.1	9151	9166	+	23.3265	5.34e-09	0.000409	AATACCCTGAGTATTG
2_motif_1		NC_002730.1	9176	9191	+	22.5102	1.25e-08	0.000479	AATACCTGTAGTATTC
2_motif_1		NC_002730.1	6355	6370	-	20.051	1.38e-07	0.00351	ACTGCACTGTGTATTC
2_motif_1		NC_002730.1	7911	7926	-	19.398	2.29e-07	0.00438	AATATCCTTTGTATTC
29_motif_1		NC_002730.1	9762	9777	-	18.4694	4.09e-07	0.0313	TCGGGGCTTTTTCTTT
2_motif_1		NC_002730.1	9465	9480	-	17.9796	6.03e-07	0.0079	TATGCGCGTTGTATTC
2_motif_1		NC_002730.1	7866	7881	-	17.8061	6.7e-07	0.0079	AATACCTTGGGTATTT
2_motif_1		NC_002730.1	6326	6341	-	17.6837	7.22e-07	0.0079	AATACACGGAGCAATG
