motif_id	motif_alt_id	sequence_name	start	stop	strand	score	p-value	q-value	matched_sequence
2_motif_3		NC_004913.3	43515	43530	+	24.6327	1.05e-09	0.000126	AAGTACATATTGTATT
9_motif_2		NC_004913.3	43516	43530	-	22.9694	4.2e-09	0.000503	AATACAATATGTACT
23_motif_1		NC_004913.3	15449	15463	+	20.703	9.85e-09	0.00115	GGCGGGTTTTTTATT
9_motif_2		NC_004913.3	41254	41268	+	22.7041	1.01e-08	0.000607	AATACAATTTGTTCT
23_motif_1		NC_004913.3	42388	42402	-	20.2079	1.95e-08	0.00115	GCGGCCTTTTTTATT
2_motif_3		NC_004913.3	41229	41244	-	22.6224	2.76e-08	0.00112	AAGTACATATCGTACT
2_motif_3		NC_004913.3	41254	41269	-	22.4694	2.82e-08	0.00112	TAGAACAAATTGTATT
23_motif_1		NC_004913.3	16308	16322	+	19.0891	1.03e-07	0.00407	GCAGGGTTTTTTGTT
23_motif_1		NC_004913.3	51080	51094	+	18.3465	2.28e-07	0.00674	GCTGGCTTTTTTATG
9_motif_2		NC_004913.3	41229	41243	+	19.2755	3.65e-07	0.0141	AGTACGATATGTACT
2_motif_3		NC_004913.3	41286	41301	+	18.7245	3.98e-07	0.0117	TACAACGCTTTGTATT
2_motif_3		NC_004913.3	43484	43499	-	18.1531	4.87e-07	0.0117	AAATACACATTGTGCA
9_motif_2		NC_004913.3	41287	41301	-	18.4592	5.69e-07	0.0141	AATACAAAGCGTTGT
9_motif_2		NC_004913.3	40402	40416	+	18.2143	6.34e-07	0.0141	AATACACAGTGCTGT
23_motif_1		NC_004913.3	37035	37049	-	17.3168	6.52e-07	0.0154	GGCTCCTTTTTTATT
9_motif_2		NC_004913.3	43484	43498	-	17.9694	7.09e-07	0.0141	AATACACATTGTGCA
23_motif_1		NC_004913.3	11408	11422	+	16.9604	8.95e-07	0.0177	GGCGGATTTTTTACT
